host_name,listing_id,listing_name,listing_url
Marie,1282918,Lovely & big studio center of Lyon (Bellecour),https://www.airbnb.com/rooms/1282918
Sébastien,2897630,chambre proche du centre - M2-1,https://www.airbnb.com/rooms/2897630
Jim,3817264,Appartement au coeur des Lumières,https://www.airbnb.com/rooms/3817264
Marcela,4735745,¡La plus petite rue de Lyon!,https://www.airbnb.com/rooms/4735745
Hubert,5138043,Perrache Appartement 3 chambres,https://www.airbnb.com/rooms/5138043
Agnès,9113115,Ideal for groups or families : LYON city center!,https://www.airbnb.com/rooms/9113115
Sandrine,12747490,appartement familial lyon ⚄,https://www.airbnb.com/rooms/12747490
Marie-Noëlle,13394697,Pavillon de jardin au coeur d'un parc arboré,https://www.airbnb.com/rooms/13394697
Ana,13808988,Charming apartment/room in the heart of Lyon,https://www.airbnb.com/rooms/13808988
Lili,16170392,grand T2 dans maison lyon 8,https://www.airbnb.com/rooms/16170392
Habib,17973886,Appartement 35m2 avec grand balcon.,https://www.airbnb.com/rooms/17973886
Djawad,18936198,Studio Gare de la Part Dieu,https://www.airbnb.com/rooms/18936198
Thibaut,19157811,Chambre au cœur de Lyon,https://www.airbnb.com/rooms/19157811
Agnès,20168946,Your wonderful flat in Lyon !,https://www.airbnb.com/rooms/20168946
Fabrice,20592522,"Séjour lyonnais , charmant appartement",https://www.airbnb.com/rooms/20592522
Carine & Daniel,21212279,HONORÊ - SUITE ROMAIN (4 PERS),https://www.airbnb.com/rooms/21212279
Carine & Daniel,21213126,HONORÊ -SUITE MERCIERE (2 PERS),https://www.airbnb.com/rooms/21213126
Constance,21545890,Appartement cœur de la presqu’ile,https://www.airbnb.com/rooms/21545890
Carine & Daniel,22045751,HONORÊ - SUITE 3 MARIES (4 PERS),https://www.airbnb.com/rooms/22045751
Agnès,22922304,Grande chambre spacieuse et lumineuse à  Lyon!,https://www.airbnb.com/rooms/22922304
Mickael,23299126,Appartement canut,https://www.airbnb.com/rooms/23299126
Alexandre,23318208,"Appartement tout équipé, idéal en famille",https://www.airbnb.com/rooms/23318208
Mathilde,24625696,Chambre Lyon 8,https://www.airbnb.com/rooms/24625696
Freddy,25079047,"Apartment for 4 people in Lyon, ideal for events",https://www.airbnb.com/rooms/25079047
Léa,25976102,Bel appartement canut au cœur de La Croix Rousse,https://www.airbnb.com/rooms/25976102
Kris,27575246,Bienvenue au Pays de Guignol,https://www.airbnb.com/rooms/27575246
Roro,29329691,Nice appartement near Part Dieu,https://www.airbnb.com/rooms/29329691
Rim,29405493,Lovely studio in the center of Lyon,https://www.airbnb.com/rooms/29405493
Николай,29694502,Spacious apartment in the very heart of Lyon,https://www.airbnb.com/rooms/29694502
Chehrazade,29700792,Charmant appartement haussmanien,https://www.airbnb.com/rooms/29700792
Alain Et Véronique,29778555,RHONE RASPAIL - berges du Rhône,https://www.airbnb.com/rooms/29778555
Yohann,29797313,Charmant T2 - Centre de Lyon,https://www.airbnb.com/rooms/29797313
Alexis,29841583,"Joli appartement Haussmanien, coeur presque île",https://www.airbnb.com/rooms/29841583
Gabrielle,29849563,Grand appartement proche du centre de Lyon,https://www.airbnb.com/rooms/29849563
Denis,29877537,"Bel Appartement Lumineux, Garibaldi.",https://www.airbnb.com/rooms/29877537
Noélie,29954947,Appartement / studio cosy dans un immeuble ancien,https://www.airbnb.com/rooms/29954947
Marine,29956676,Cocon chaleureux en bord de Saône : Lyon centre,https://www.airbnb.com/rooms/29956676
Théo,30057666,Studio Lyon 6ème,https://www.airbnb.com/rooms/30057666
Roeum,30083890,"Appartement cosy à la Part Dieu, 80m2",https://www.airbnb.com/rooms/30083890
Franck,30087059,Charmant appartement F3,https://www.airbnb.com/rooms/30087059
Loic,30100539,Chambre au calme rez de jardin,https://www.airbnb.com/rooms/30100539
Marie Hélène,30100740,Bel appartement lyonnais en presqu’île,https://www.airbnb.com/rooms/30100740
Camille,30106594,Joli appartement lumineux en plein centre,https://www.airbnb.com/rooms/30106594
Sophie,30126041,Loft style canut bourgeois - Plein cœur de Lyon,https://www.airbnb.com/rooms/30126041
Caroline,30189972,Appartement familial - Chevreul -Jean Macé,https://www.airbnb.com/rooms/30189972
Bastien,30191483,Studio de 32 m2 à Suchet sur la presqu'ile de Lyon,https://www.airbnb.com/rooms/30191483
Théo,30227195,Belle appartement en plein coeur de Croix-Rousse,https://www.airbnb.com/rooms/30227195
Julian,30259946,Appartement étudiant Vieux Lyon,https://www.airbnb.com/rooms/30259946
Thibaud,30263273,Chambre privée au coeur de Lyon,https://www.airbnb.com/rooms/30263273
Sophie,30267134,Appartement standing Lyon 6 Parc de la tête d’or,https://www.airbnb.com/rooms/30267134
Mathilde,30334946,Agréable studio à Grange Blanche,https://www.airbnb.com/rooms/30334946
Klymentiy,30358064,Great flat near metro. 8 min from city center,https://www.airbnb.com/rooms/30358064
Marion,30359392,Chambres proches Bellecour Fête des Lumières,https://www.airbnb.com/rooms/30359392
Emeraude,30370001,Joli appartement 45m² - proche Bellecour,https://www.airbnb.com/rooms/30370001
Linda,30394719,"Les pentes, quartier bohème de Lyon",https://www.airbnb.com/rooms/30394719
Frida,30409841,Studio au centre de Lyon - Fête des Lumières,https://www.airbnb.com/rooms/30409841
Ambroise,30415092,Studio sur cour intérieure,https://www.airbnb.com/rooms/30415092
Noemie,30443343,Loft du passage,https://www.airbnb.com/rooms/30443343
Johan,30458335,Appartement pour 6 personnes au coeur de la ville,https://www.airbnb.com/rooms/30458335
Ulysse,30466388,Appartement type canut,https://www.airbnb.com/rooms/30466388
Jessica,30492264,chambre dans une colocation à la Croix Rousse,https://www.airbnb.com/rooms/30492264
Sebastien,30497712,Logement plein centre à 100 m du métro cordeliers,https://www.airbnb.com/rooms/30497712
William,30497868,"Appartement Plein Centre, Quais Saint Vincent",https://www.airbnb.com/rooms/30497868
Julien,30519387,Grande Chambre Hyper Centre Fête des Lumières,https://www.airbnb.com/rooms/30519387
Clara,30530927,Chambre privatisée dans grand appartement,https://www.airbnb.com/rooms/30530927
Clara,30531466,Chambre privatisée dans grand appartement,https://www.airbnb.com/rooms/30531466
Florine,30546210,Appartement T2 idéalement situé,https://www.airbnb.com/rooms/30546210
Christian,30547830,Super appartement ancien en plein centre de Lyon,https://www.airbnb.com/rooms/30547830
Huseen,30594315,Appartement,https://www.airbnb.com/rooms/30594315
Di,30750752,Un petit cocoon à 2 mn de tout,https://www.airbnb.com/rooms/30750752
Jenny,31011699,Chambre privée dans duplex avec terrasse,https://www.airbnb.com/rooms/31011699
Mona,31094390,Grand appartement Idéal Fête des lumières,https://www.airbnb.com/rooms/31094390
Anissa,31238023,Spacieux T2 • proche métro • stationnement gratuit,https://www.airbnb.com/rooms/31238023
Ghali,31490409,Appartement Lyon Centre,https://www.airbnb.com/rooms/31490409
Karine,31628383,Quiet 1 bdr nice view Herbouville-Appart'Ambiance,https://www.airbnb.com/rooms/31628383
Karine,31628443,Studio 33 m2 Lyon 2 République - Appart'Ambiance,https://www.airbnb.com/rooms/31628443
Karine,31629243,Charlemagne - Appart'Ambiance,https://www.airbnb.com/rooms/31629243
SLO Living,31822270,SLO Living Hostel - Chambre pour 8 personnes,https://www.airbnb.com/rooms/31822270
Djawad,32091363,Part Dieu Centre d’affaires,https://www.airbnb.com/rooms/32091363
Misterkéké,32222632,Lyon 7,https://www.airbnb.com/rooms/32222632
Yoann,32580222,Studio étudiant 1 à 2 personnes plein centre ville,https://www.airbnb.com/rooms/32580222
Sarah,33175201,La maison des orchidées,https://www.airbnb.com/rooms/33175201
Audrey-Diane,33323328,T2 avec jardin à 10mn gare part dieu ou bellecour,https://www.airbnb.com/rooms/33323328
Elodie,33631637,Appartement T2 rénové,https://www.airbnb.com/rooms/33631637
Faiza,33634269,Location de vacances court ou moyen séjours,https://www.airbnb.com/rooms/33634269
Florent,33672338,Superbe appartement - 1 chambre - Lyon 6eme,https://www.airbnb.com/rooms/33672338
Grégoire,33730726,Appartement chaleureux avec vue sur Fourvière,https://www.airbnb.com/rooms/33730726
Mallory,33946261,Hôtel Lyon Ouest,https://www.airbnb.com/rooms/33946261
Élisabeth,33947456,Appartement City Comfort Hotel - Lyon Weiss,https://www.airbnb.com/rooms/33947456
Chams,34073705,Appartement 50m2 style industriel Dans presqu'île,https://www.airbnb.com/rooms/34073705
Françoise,34193648,"Magnifique appart. avec terrasse, jardin LYON 6ème",https://www.airbnb.com/rooms/34193648
Yoann,34327226,Room in spacious apartment,https://www.airbnb.com/rooms/34327226
Welkeys,34359008,MEDIUM STAY ONLY - Beautiful flat in the heart of Lyon - WELKEYS,https://www.airbnb.com/rooms/34359008
Luka,34588901,Charmant Studio à 20min du centre en bus,https://www.airbnb.com/rooms/34588901
Sandra,34717462,Studio équipé : disponible pour 3 semaines,https://www.airbnb.com/rooms/34717462
Welkeys,34764613,Modern studio in central Lyon,https://www.airbnb.com/rooms/34764613
Angie,34800961,Villlette,https://www.airbnb.com/rooms/34800961
Imran,34859574,"T1 Bis avec mezzanine type Canut, très lumineux",https://www.airbnb.com/rooms/34859574
Forrest,34881344,Magnifique Appartement refait à neuf tout équipé !,https://www.airbnb.com/rooms/34881344
Yana,34890196,Studio place Bellecour,https://www.airbnb.com/rooms/34890196
Emmanuelle,34959091,Appartement Lumineux @plein centre de Guillotiere,https://www.airbnb.com/rooms/34959091
Celia,34976388,Petit nid douillet au coeur de Lyon,https://www.airbnb.com/rooms/34976388
Lea,35021183,Studio cocooning au centre de Lyon,https://www.airbnb.com/rooms/35021183
Noor,35178241,Studio Lyon Part dieu,https://www.airbnb.com/rooms/35178241
Valentin,35313214,Appartement cœur croix rousse,https://www.airbnb.com/rooms/35313214
Amandine,35528831,Colocation 3 Chambres Meublées | Haut Standing |,https://www.airbnb.com/rooms/35528831
Aurelien,35596195,Chambre charmante et calme au centre de Lyon,https://www.airbnb.com/rooms/35596195
Annie,35647824,studio  VALMY   1 PERSONNE,https://www.airbnb.com/rooms/35647824
Sébastien,35706101,Bel appartement à la Croix Rousse,https://www.airbnb.com/rooms/35706101
Elsa,35795037,Perle à Opéra,https://www.airbnb.com/rooms/35795037
Anita,35845181,Spacieux et propre pour un séjour agréable,https://www.airbnb.com/rooms/35845181
Brice,35865632,⚡️NID DOUILLET CHIC LYON PART DIEU,https://www.airbnb.com/rooms/35865632
Kiero,36047226,Appartement part-Dieu de Bronze et d’Argent,https://www.airbnb.com/rooms/36047226
Camille,36128697,Studio cosy situé en plein cœur de la Presqu’île,https://www.airbnb.com/rooms/36128697
Lina,36191273,Vue sur le Rhône - Appartement ancien,https://www.airbnb.com/rooms/36191273
Janis,36301129,Appartement cosy et lumineux plein centre,https://www.airbnb.com/rooms/36301129
Stephanie,36468429,Maison 31,https://www.airbnb.com/rooms/36468429
Camille,36520954,"Cosy Haussmann apartment hypercenter, T2  52m2",https://www.airbnb.com/rooms/36520954
Alexy,36593740,Petite chambre appartement sur croix rousse,https://www.airbnb.com/rooms/36593740
Leonard,36597910,Chambre dans colocation à 10min de Perrache,https://www.airbnb.com/rooms/36597910
Sophie,36717760,Appartement T3 centre ville,https://www.airbnb.com/rooms/36717760
Emma,36730559,Belle chambre avec belle vue dans Lyon 3em,https://www.airbnb.com/rooms/36730559
Cedric,36763275,Petit appartement dans un beau jardin - X rousse,https://www.airbnb.com/rooms/36763275
Welkeys,37136216,Bright and modern studio close to Part-Dieu - Welkeys,https://www.airbnb.com/rooms/37136216
Marine,37338613,Grand appartement au coeur de la presqu'île,https://www.airbnb.com/rooms/37338613
Axelle & Marc,37344186,Du charme au calme dans l'hypercentre de Lyon,https://www.airbnb.com/rooms/37344186
Elena,37513680,Appartement - centre ville,https://www.airbnb.com/rooms/37513680
Marie-Helene,37553771,Chambre privée dans le quartier lyon 69006,https://www.airbnb.com/rooms/37553771
Colette,37768966,EN FACE DES HALLES PAUL BOCUSE,https://www.airbnb.com/rooms/37768966
Flore,37779648,chambre privative dans appartement en colocation,https://www.airbnb.com/rooms/37779648
Severine,38342341,Appartement proche part Dieu,https://www.airbnb.com/rooms/38342341
Said,38411346,Appartement partagée parfait,https://www.airbnb.com/rooms/38411346
Yerko,38425643,T1 x Rousse,https://www.airbnb.com/rooms/38425643
Didier Stefany,38601389,Petit coin bien situé de tout,https://www.airbnb.com/rooms/38601389
Théo,38631293,Un coeur de verdure en plein centre ville.,https://www.airbnb.com/rooms/38631293
Nina,38764057,Joli appartement à 150 mètres de l'Hôtel de Ville,https://www.airbnb.com/rooms/38764057
Karine,38987288,Logement cosy et calme,https://www.airbnb.com/rooms/38987288
Claire,39162289,"Logement cosy, en plein cœur de Lyon",https://www.airbnb.com/rooms/39162289
Evoleine,39167652,Chambre cosy dans grand appt Centre Lyon (foch),https://www.airbnb.com/rooms/39167652
,39495713,Appartement dans le Vieux-Lyon,https://www.airbnb.com/rooms/39495713
Anais,39547169,Appartement proche centre,https://www.airbnb.com/rooms/39547169
Welkeys,39622182,Lovely studio flying over Lyon,https://www.airbnb.com/rooms/39622182
Sylvain,39669211,Location T1  45 m2 Part-Dieu,https://www.airbnb.com/rooms/39669211
Jessica,39698767,Petit cocon presqu'île de Lyon,https://www.airbnb.com/rooms/39698767
Sarah,39826611,{Appartement Cocoon Lyon / Parking Gratuit},https://www.airbnb.com/rooms/39826611
Eliane,39940229,Studio de l'Amour - Fête des lumières,https://www.airbnb.com/rooms/39940229
Alexandre,40023139,Appartement avec balcon dans le centre de Lyon,https://www.airbnb.com/rooms/40023139
Maxime,40025939,"Charmant Appartement T4 6/7 personnes, Part-dieu",https://www.airbnb.com/rooms/40025939
Welkeys,40073737,Sunny and cosy studio close to Part-Dieu district in Lyon - Welkeys,https://www.airbnb.com/rooms/40073737
Sophie,40097260,Cocon au centre de la presqu'île,https://www.airbnb.com/rooms/40097260
Victor,40127961,Fête des Lumières Bel ancien quais du Rhône,https://www.airbnb.com/rooms/40127961
Itzel,40148422,Logement situé en plein centre de Lyon.,https://www.airbnb.com/rooms/40148422
,40192130,Idéal Fête des Lumières ! Pentes de la X-Rousse,https://www.airbnb.com/rooms/40192130
Théo,40247273,Chambre Double - Appartement Spacieux - Lyon 3ème,https://www.airbnb.com/rooms/40247273
Felix,40248624,Appartement lumineux  1er arrondissement,https://www.airbnb.com/rooms/40248624
Coline,40295075,Charmant studio en plein coeur de Lyon,https://www.airbnb.com/rooms/40295075
Apolline,40323401,Chambre privée centre de Lyon - fête des Lumières,https://www.airbnb.com/rooms/40323401
Brice,40335321,✨NID DOUILLET HYPERCENTRE PROCHE GARE PART DIEU,https://www.airbnb.com/rooms/40335321
Masao,40362029,Studio typique en mezzanine du vieux lyon,https://www.airbnb.com/rooms/40362029
Clemence,40369115,Appartement t2 idéal pour la fête des lumières,https://www.airbnb.com/rooms/40369115
Jérémy,40386382,Studio 2/3 personnes 37m2 à 100m Bellecour,https://www.airbnb.com/rooms/40386382
Dominique,40387057,Appartement avec vue quartier Croix-Rousse,https://www.airbnb.com/rooms/40387057
Pauline,40409595,Appartement cosy proche de la gare Part Dieu,https://www.airbnb.com/rooms/40409595
Honorine,40417120,Lyon  au coeur du quartier historique et calme,https://www.airbnb.com/rooms/40417120
GuiGz,40457522,CORDELIERS,https://www.airbnb.com/rooms/40457522
Jade,40466435,"Chaleureux appartement, pente de la Croix Rousse",https://www.airbnb.com/rooms/40466435
Adrien,40477789,Zen Studio for those who like to eat at restaurant,https://www.airbnb.com/rooms/40477789
Fanny,40504234,Appartement 65m2 idéal couple au pieds du métro D,https://www.airbnb.com/rooms/40504234
Luckey,40526889,Functional & charming apt in the heart of Lyon,https://www.airbnb.com/rooms/40526889
Aicha,40532878,T1 bis LYON 6,https://www.airbnb.com/rooms/40532878
Zara,40545180,2 chambres chez un particulier à lyon8,https://www.airbnb.com/rooms/40545180
Dagmara,40563503,Appartement adorable a Croix-Rousse,https://www.airbnb.com/rooms/40563503
Eva,40563625,Studio avec mezzanine typiquement lyonnais,https://www.airbnb.com/rooms/40563625
Nicolas,40575618,DIFY Seguin - Perrache/Confluence,https://www.airbnb.com/rooms/40575618
Jerome,40577341,Bright studio beautiful view - Professional Cleaning,https://www.airbnb.com/rooms/40577341
Erwan,40589579,Studio pour une personne au cœur du Vieux Lyon,https://www.airbnb.com/rooms/40589579
Arnaud,40789095,appartement a proximiter de la gare pard dieux,https://www.airbnb.com/rooms/40789095
Déborah,41141046,Appartement de standing rue des Marronniers,https://www.airbnb.com/rooms/41141046
Florian,41346070,Appart 45m2 douillet à deux pas d'Hôtel de Ville,https://www.airbnb.com/rooms/41346070
Welkeys,41358888,Bright flat with balcony in Lyon city center - Welkeys,https://www.airbnb.com/rooms/41358888
Jessica,41591426,Chambre dans un appartement/loft du Vieux-Lyon,https://www.airbnb.com/rooms/41591426
Charlotte,41703314,Appartement de charme à Valmy,https://www.airbnb.com/rooms/41703314
Carine & Daniel,41789658,Honorê - Arbre Sec 2 pers,https://www.airbnb.com/rooms/41789658
Elouan,42321894,Chambre dans appartement plein centre,https://www.airbnb.com/rooms/42321894
Leavetown,42397598,Proche du Centre ! Appart Cosy avec Wi-Fi GRATUIT,https://www.airbnb.com/rooms/42397598
Claudia,42450820,Appartement sympa au coeur de Lyon,https://www.airbnb.com/rooms/42450820
Olivier,42751508,Appartement Cosy/ 42 m2. Simple mais si confort !,https://www.airbnb.com/rooms/42751508
Aurelie,43694071,Cosy 1 chambre-Fresque des Lyonnais-Terreaux,https://www.airbnb.com/rooms/43694071
William,43774185,"Appartement lumineux 48m², proche centre ville",https://www.airbnb.com/rooms/43774185
Brigitte,43797677,Bel Appartement hyper centre-Quais de Saône,https://www.airbnb.com/rooms/43797677
Luckey,43831005,Charming and very comfortable apartment - Lyon 7th,https://www.airbnb.com/rooms/43831005
Luckey,43949389,Studio in the heart of the Presqu'Île-Lyon (002),https://www.airbnb.com/rooms/43949389
Etienne,44056758,Appartement cosy Hyper centre,https://www.airbnb.com/rooms/44056758
Bernard,44625115,studio  avec véranda sur cour très calme,https://www.airbnb.com/rooms/44625115
Brice,45219607,✨NID DOUILLET CHIC HYPERCENTRE GARE PART DIEU,https://www.airbnb.com/rooms/45219607
Welkeys,45252785,Wonderful loft style apartment between Fourvière and Vieux Lyon - Welkeys,https://www.airbnb.com/rooms/45252785
Luckey,45344181,Design duplex - Croix Rousse,https://www.airbnb.com/rooms/45344181
Yoann,45459707,Magnificent apartment in LYON close to the QUAIS,https://www.airbnb.com/rooms/45459707
Brice,45767463,"NID DOUILLET CHIC PROCHE GARE PART DIEU, MONTCHAT",https://www.airbnb.com/rooms/45767463
Brice,45768983,✨NID DOUILLET CHIC CENTRE VILLE CROIX ROUSSE,https://www.airbnb.com/rooms/45768983
Brice,45770063,LYON HYPER CENTRE BERTHELOT,https://www.airbnb.com/rooms/45770063
Facely,45933456,appartement privé,https://www.airbnb.com/rooms/45933456
Alexandre,45933999,"Grande Chambre, Logement neuf, moderne, ensoleillé",https://www.airbnb.com/rooms/45933999
Brice,46100544,NID DOUILLET CHIC HYPERCENTRE + NETFLIX,https://www.airbnb.com/rooms/46100544
Serge,46188421,Duplex proche Perrache - Bail Mobilité,https://www.airbnb.com/rooms/46188421
Angele,46229544,Appartement avec terrasse,https://www.airbnb.com/rooms/46229544
Clea,46702741,"Chambre en mezzanine, centre ville de Lyon",https://www.airbnb.com/rooms/46702741
David,46886960,Studio Bugeaud - Métro Brotteaux - Part Dieu,https://www.airbnb.com/rooms/46886960
Maureen,46914743,Appartement à deux pas du centre de Lyon,https://www.airbnb.com/rooms/46914743
Tasnim,47096010,logement   sur LYON,https://www.airbnb.com/rooms/47096010
Ben Slama,47471764,chambre cosy a deux pas du centre ville,https://www.airbnb.com/rooms/47471764
Samy,47578988,Logement entier grand trou,https://www.airbnb.com/rooms/47578988
Solal,47916731,Studio Cosy Lyon,https://www.airbnb.com/rooms/47916731
Louis,48049522,Le Traboule,https://www.airbnb.com/rooms/48049522
Ben Slama,48239098,chambre spacieuse,https://www.airbnb.com/rooms/48239098
Brice,48251334,⚡️NID DOUILLET CHIC HYPERCENTRE,https://www.airbnb.com/rooms/48251334
Alphonse,48290589,NOCNOC - L’Étage des Cordeliers - T5 hors norme,https://www.airbnb.com/rooms/48290589
Nicolas,48411282,DIFY Saône - Vieux Lyon,https://www.airbnb.com/rooms/48411282
Emilie,48460803,Very nice renovated apartment Saône,https://www.airbnb.com/rooms/48460803
Luckey,48652791,Design studio - Near Gare Part Dieu,https://www.airbnb.com/rooms/48652791
David,48687062,Le petit Lavoisier - 1 chambre - métro Part Dieu,https://www.airbnb.com/rooms/48687062
Edith,48820251,EASY IN LYON ✤METRO ✤TRAM ✤ GARE Part DIEU,https://www.airbnb.com/rooms/48820251
GuestReady,48924509,GuestReady -  Canut-Style Family Home,https://www.airbnb.com/rooms/48924509
David,49303883,Le Petit Sathonay-Quais de Saône-Terreaux,https://www.airbnb.com/rooms/49303883
Jérémy,49315357,Chambre dans appartement meublé,https://www.airbnb.com/rooms/49315357
David,49360237,Studio fonctionnel Lyon-Vaise-Saint Didier,https://www.airbnb.com/rooms/49360237
Jessica - MEMORABLE PLACE,49555205,MEMORABLEPLACE -Atelier Lassagne -3BED Lyon Center,https://www.airbnb.com/rooms/49555205
David,49604733,Coup de Coeur Part Dieu-Appartement neuf 4 pers,https://www.airbnb.com/rooms/49604733
Audrey,49623843,Loft 2 personnes - centre Lyon - Crazy by Ho36,https://www.airbnb.com/rooms/49623843
David,49785435,Le St Georges- lumineux 4 pers-bord de Saône,https://www.airbnb.com/rooms/49785435
David,49789106,La loge Lyonnaise-Saxe Gambetta-Université,https://www.airbnb.com/rooms/49789106
Brice,49870225,⚡️NID DOUILLET CHIC HYPERCENTRE SAXE,https://www.airbnb.com/rooms/49870225
Franklin,49908532,Appartement cosy lyon 3e /Villeurbanne /Part Dieu,https://www.airbnb.com/rooms/49908532
Romain,49913055,Ile Barbe charmant appartement Atypique,https://www.airbnb.com/rooms/49913055
David,49920508,Le petit Trion- St Just-Fourvière,https://www.airbnb.com/rooms/49920508
Guillaumr,50141159,A coté de la Part Dieu,https://www.airbnb.com/rooms/50141159
Sophie,50149425,Chambre single Fourvière/Vaise d,https://www.airbnb.com/rooms/50149425
Florian,50279912,★ T3-Lyon 7 ★,https://www.airbnb.com/rooms/50279912
Eileen,50322318,Agréable maison de ville jacuzzi,https://www.airbnb.com/rooms/50322318
Margot,50386879,Bel appartement chaleureux en plein cœur de Lyon ⭐️,https://www.airbnb.com/rooms/50386879
Pascale,50390388,Jacuzzi Duplex Lyon proche centre-ville,https://www.airbnb.com/rooms/50390388
Carole,50413090,Appartement Central à Lyon pour 2,https://www.airbnb.com/rooms/50413090
Déborah,50450414,⚡️ Appartement style loft ⚡️,https://www.airbnb.com/rooms/50450414
Ngo,50560651,S2.Studio Lyon Part Dieu Lyon 3,https://www.airbnb.com/rooms/50560651
Inès,50620215,Appartement au cœur de Lyon,https://www.airbnb.com/rooms/50620215
